Variable,B,SE_B,Beta,SE_Beta,t,p
Intercept,0.2778,0.009,,,30.7105,4.1218464480987934e-207
critic_c,0.0784,0.0039,0.2574,0.0127,20.3358,6.203109040878081e-92
critic_missing,-0.1549,0.0059,-0.2965,0.0113,-26.1937,3.1321707881327396e-151
year_c,-0.0013,0.0005,-0.026,0.0092,-2.8271,0.004696631178074166
d_action,0.0633,0.0092,0.0986,0.0144,6.851,7.334199362199988e-12
d_sports,0.0807,0.0095,0.1208,0.0142,8.5217,1.5717535219636305e-17
d_misc,0.0772,0.0097,0.0961,0.0121,7.9451,1.9403437726142614e-15
d_adventure,0.0343,0.0096,0.0358,0.01,3.5752,0.000349906262543477
d_shooter,0.1112,0.0126,0.1357,0.0154,8.8146,1.2013872648154571e-18
d_racing,0.0244,0.0096,0.0294,0.0115,2.5562,0.010582390556069922
d_simulation,0.0776,0.0111,0.0748,0.0107,7.0012,2.5371273399313954e-12
d_platform,0.0385,0.01,0.039,0.0102,3.8432,0.00012144063037535444
d_fighting,0.0561,0.0118,0.0471,0.0099,4.7635,1.9029036549668681e-06
d_strategy,-0.0274,0.0106,-0.0187,0.0072,-2.5935,0.009499853553075633
d_puzzle,0.005,0.0102,0.0039,0.008,0.4918,0.6228339559200431
d_actionadventure,0.066,0.0187,0.0372,0.0105,3.5312,0.00041368924712947787
d_music,0.0742,0.0253,0.0277,0.0095,2.9285,0.0034061949830781436
d_other,0.0323,0.0227,0.0088,0.0062,1.4251,0.15412416090553008
d_nintendohandheld,-0.0612,0.0052,-0.1074,0.0091,-11.8073,3.5789896387003677e-32
d_nintendohome,-0.0435,0.006,-0.0656,0.0091,-7.2382,4.5460027574461756e-13
d_pcmac,-0.1573,0.012,-0.1115,0.0085,-13.1369,2.0246293283196364e-39
d_mshome,0.0089,0.0067,0.0151,0.0114,1.3237,0.18560308419346827
d_sonyhandheld,-0.1039,0.0065,-0.1058,0.0066,-15.9663,2.1956178447410115e-57
